Fixture,Type,Mode,Base Address,Attribute,Universe,Channel
Ayrton Rivale Profile,Ayrton@Rivale_Profile@V1.53_Adjust_Real_PT_Values,Standard_540,1285,Dim,3,269
Ayrton Rivale Profile,Ayrton@Rivale_Profile@V1.53_Adjust_Real_PT_Values,Standard_540,1285,Focus1,3,273
Ayrton Rivale Profile,Ayrton@Rivale_Profile@V1.53_Adjust_Real_PT_Values,Standard_540,1285,G1,3,282
Ayrton Rivale Profile,Ayrton@Rivale_Profile@V1.53_Adjust_Real_PT_Values,Standard_540,1285,G1 <>,3,283
Ayrton Rivale Profile,Ayrton@Rivale_Profile@V1.53_Adjust_Real_PT_Values,Standard_540,1285,G2,3,285
Ayrton Rivale Profile,Ayrton@Rivale_Profile@V1.53_Adjust_Real_PT_Values,Standard_540,1285,Iris,3,287
GLP Impression X5,GLP@impression_X5@20250326_X5_byRG_prelimV2,Mode 2 Normal RGB (35ch),1490,Dim,3,492
GLP Impression X5,GLP@impression_X5@20250326_X5_byRG_prelimV2,Mode 2 Normal RGB (35ch),1490,G,3,500
Ayrton Rivale Profile,Ayrton@Rivale_Profile@V1.53_Adjust_Real_PT_Values,Standard_540,1220,Dim,3,204
Ayrton Rivale Profile,Ayrton@Rivale_Profile@V1.53_Adjust_Real_PT_Values,Standard_540,1220,Focus1,3,208
Ayrton Rivale Profile,Ayrton@Rivale_Profile@V1.53_Adjust_Real_PT_Values,Standard_540,1220,G1,3,217
Ayrton Rivale Profile,Ayrton@Rivale_Profile@V1.53_Adjust_Real_PT_Values,Standard_540,1220,G1 <>,3,218
Ayrton Rivale Profile,Ayrton@Rivale_Profile@V1.53_Adjust_Real_PT_Values,Standard_540,1220,G2,3,220
Ayrton Rivale Profile,Ayrton@Rivale_Profile@V1.53_Adjust_Real_PT_Values,Standard_540,1220,Iris,3,222
GLP Impression X5,GLP@impression_X5@20250326_X5_byRG_prelimV2,Mode 2 Normal RGB (35ch),1455,Dim,3,457
GLP Impression X5,GLP@impression_X5@20250326_X5_byRG_prelimV2,Mode 2 Normal RGB (35ch),1455,G,3,465
Ayrton Rivale Profile,Ayrton@Rivale_Profile@V1.53_Adjust_Real_PT_Values,Standard_540,1155,Dim,3,139
Ayrton Rivale Profile,Ayrton@Rivale_Profile@V1.53_Adjust_Real_PT_Values,Standard_540,1155,Focus1,3,143
Ayrton Rivale Profile,Ayrton@Rivale_Profile@V1.53_Adjust_Real_PT_Values,Standard_540,1155,G1,3,152
Ayrton Rivale Profile,Ayrton@Rivale_Profile@V1.53_Adjust_Real_PT_Values,Standard_540,1155,G1 <>,3,153
Ayrton Rivale Profile,Ayrton@Rivale_Profile@V1.53_Adjust_Real_PT_Values,Standard_540,1155,G2,3,155
Ayrton Rivale Profile,Ayrton@Rivale_Profile@V1.53_Adjust_Real_PT_Values,Standard_540,1155,Iris,3,157
GLP Impression X5,GLP@impression_X5@20250326_X5_byRG_prelimV2,Mode 2 Normal RGB (35ch),1420,Dim,3,422
GLP Impression X5,GLP@impression_X5@20250326_X5_byRG_prelimV2,Mode 2 Normal RGB (35ch),1420,G,3,430
Ayrton Rivale Profile,Ayrton@Rivale_Profile@V1.53_Adjust_Real_PT_Values,Standard_540,1090,Dim,3,74
Ayrton Rivale Profile,Ayrton@Rivale_Profile@V1.53_Adjust_Real_PT_Values,Standard_540,1090,Focus1,3,78
Ayrton Rivale Profile,Ayrton@Rivale_Profile@V1.53_Adjust_Real_PT_Values,Standard_540,1090,G1,3,87
Ayrton Rivale Profile,Ayrton@Rivale_Profile@V1.53_Adjust_Real_PT_Values,Standard_540,1090,G1 <>,3,88
Ayrton Rivale Profile,Ayrton@Rivale_Profile@V1.53_Adjust_Real_PT_Values,Standard_540,1090,G2,3,90
Ayrton Rivale Profile,Ayrton@Rivale_Profile@V1.53_Adjust_Real_PT_Values,Standard_540,1090,Iris,3,92
GLP Impression X5,GLP@impression_X5@20250326_X5_byRG_prelimV2,Mode 2 Normal RGB (35ch),1385,Dim,3,387
GLP Impression X5,GLP@impression_X5@20250326_X5_byRG_prelimV2,Mode 2 Normal RGB (35ch),1385,G,3,395
Ayrton Rivale Profile,Ayrton@Rivale_Profile@V1.53_Adjust_Real_PT_Values,Standard_540,1025,Dim,3,9
Ayrton Rivale Profile,Ayrton@Rivale_Profile@V1.53_Adjust_Real_PT_Values,Standard_540,1025,Focus1,3,13
Ayrton Rivale Profile,Ayrton@Rivale_Profile@V1.53_Adjust_Real_PT_Values,Standard_540,1025,G1,3,22
Ayrton Rivale Profile,Ayrton@Rivale_Profile@V1.53_Adjust_Real_PT_Values,Standard_540,1025,G1 <>,3,23
Ayrton Rivale Profile,Ayrton@Rivale_Profile@V1.53_Adjust_Real_PT_Values,Standard_540,1025,G2,3,25
Ayrton Rivale Profile,Ayrton@Rivale_Profile@V1.53_Adjust_Real_PT_Values,Standard_540,1025,Iris,3,27
GLP Impression X5,GLP@impression_X5@20250326_X5_byRG_prelimV2,Mode 2 Normal RGB (35ch),1350,Dim,3,352
GLP Impression X5,GLP@impression_X5@20250326_X5_byRG_prelimV2,Mode 2 Normal RGB (35ch),1350,G,3,360
Ayrton Rivale Profile,Ayrton@Rivale_Profile@V1.53_Adjust_Real_PT_Values,Standard_540,773,Dim,2,269
Ayrton Rivale Profile,Ayrton@Rivale_Profile@V1.53_Adjust_Real_PT_Values,Standard_540,773,Focus1,2,273
Ayrton Rivale Profile,Ayrton@Rivale_Profile@V1.53_Adjust_Real_PT_Values,Standard_540,773,G1,2,282
Ayrton Rivale Profile,Ayrton@Rivale_Profile@V1.53_Adjust_Real_PT_Values,Standard_540,773,G1 <>,2,283
Ayrton Rivale Profile,Ayrton@Rivale_Profile@V1.53_Adjust_Real_PT_Values,Standard_540,773,G2,2,285
Ayrton Rivale Profile,Ayrton@Rivale_Profile@V1.53_Adjust_Real_PT_Values,Standard_540,773,Iris,2,287
GLP Impression X5,GLP@impression_X5@20250326_X5_byRG_prelimV2,Mode 2 Normal RGB (35ch),978,Dim,2,492
GLP Impression X5,GLP@impression_X5@20250326_X5_byRG_prelimV2,Mode 2 Normal RGB (35ch),978,G,2,500
Ayrton Rivale Profile,Ayrton@Rivale_Profile@V1.53_Adjust_Real_PT_Values,Standard_540,708,Dim,2,204
Ayrton Rivale Profile,Ayrton@Rivale_Profile@V1.53_Adjust_Real_PT_Values,Standard_540,708,Focus1,2,208
Ayrton Rivale Profile,Ayrton@Rivale_Profile@V1.53_Adjust_Real_PT_Values,Standard_540,708,G1,2,217
Ayrton Rivale Profile,Ayrton@Rivale_Profile@V1.53_Adjust_Real_PT_Values,Standard_540,708,G1 <>,2,218
Ayrton Rivale Profile,Ayrton@Rivale_Profile@V1.53_Adjust_Real_PT_Values,Standard_540,708,G2,2,220
Ayrton Rivale Profile,Ayrton@Rivale_Profile@V1.53_Adjust_Real_PT_Values,Standard_540,708,Iris,2,222
GLP Impression X5,GLP@impression_X5@20250326_X5_byRG_prelimV2,Mode 2 Normal RGB (35ch),943,Dim,2,457
GLP Impression X5,GLP@impression_X5@20250326_X5_byRG_prelimV2,Mode 2 Normal RGB (35ch),943,G,2,465
Ayrton Rivale Profile,Ayrton@Rivale_Profile@V1.53_Adjust_Real_PT_Values,Standard_540,643,Dim,2,139
Ayrton Rivale Profile,Ayrton@Rivale_Profile@V1.53_Adjust_Real_PT_Values,Standard_540,643,Focus1,2,143
Ayrton Rivale Profile,Ayrton@Rivale_Profile@V1.53_Adjust_Real_PT_Values,Standard_540,643,G1,2,152
Ayrton Rivale Profile,Ayrton@Rivale_Profile@V1.53_Adjust_Real_PT_Values,Standard_540,643,G1 <>,2,153
Ayrton Rivale Profile,Ayrton@Rivale_Profile@V1.53_Adjust_Real_PT_Values,Standard_540,643,G2,2,155
Ayrton Rivale Profile,Ayrton@Rivale_Profile@V1.53_Adjust_Real_PT_Values,Standard_540,643,Iris,2,157
GLP Impression X5,GLP@impression_X5@20250326_X5_byRG_prelimV2,Mode 2 Normal RGB (35ch),908,Dim,2,422
GLP Impression X5,GLP@impression_X5@20250326_X5_byRG_prelimV2,Mode 2 Normal RGB (35ch),908,G,2,430
Ayrton Rivale Profile,Ayrton@Rivale_Profile@V1.53_Adjust_Real_PT_Values,Standard_540,578,Dim,2,74
Ayrton Rivale Profile,Ayrton@Rivale_Profile@V1.53_Adjust_Real_PT_Values,Standard_540,578,Focus1,2,78
Ayrton Rivale Profile,Ayrton@Rivale_Profile@V1.53_Adjust_Real_PT_Values,Standard_540,578,G1,2,87
Ayrton Rivale Profile,Ayrton@Rivale_Profile@V1.53_Adjust_Real_PT_Values,Standard_540,578,G1 <>,2,88
Ayrton Rivale Profile,Ayrton@Rivale_Profile@V1.53_Adjust_Real_PT_Values,Standard_540,578,G2,2,90
Ayrton Rivale Profile,Ayrton@Rivale_Profile@V1.53_Adjust_Real_PT_Values,Standard_540,578,Iris,2,92
GLP Impression X5,GLP@impression_X5@20250326_X5_byRG_prelimV2,Mode 2 Normal RGB (35ch),873,Dim,2,387
GLP Impression X5,GLP@impression_X5@20250326_X5_byRG_prelimV2,Mode 2 Normal RGB (35ch),873,G,2,395
Ayrton Rivale Profile,Ayrton@Rivale_Profile@V1.53_Adjust_Real_PT_Values,Standard_540,513,Dim,2,9
Ayrton Rivale Profile,Ayrton@Rivale_Profile@V1.53_Adjust_Real_PT_Values,Standard_540,513,Focus1,2,13
Ayrton Rivale Profile,Ayrton@Rivale_Profile@V1.53_Adjust_Real_PT_Values,Standard_540,513,G1,2,22
Ayrton Rivale Profile,Ayrton@Rivale_Profile@V1.53_Adjust_Real_PT_Values,Standard_540,513,G1 <>,2,23
Ayrton Rivale Profile,Ayrton@Rivale_Profile@V1.53_Adjust_Real_PT_Values,Standard_540,513,G2,2,25
Ayrton Rivale Profile,Ayrton@Rivale_Profile@V1.53_Adjust_Real_PT_Values,Standard_540,513,Iris,2,27
GLP Impression X5,GLP@impression_X5@20250326_X5_byRG_prelimV2,Mode 2 Normal RGB (35ch),838,Dim,2,352
GLP Impression X5,GLP@impression_X5@20250326_X5_byRG_prelimV2,Mode 2 Normal RGB (35ch),838,G,2,360
GLP Impression X5,GLP@impression_X5@20250326_X5_byRG_prelimV2,Mode 2 Normal RGB (35ch),1845,Dim,4,335
GLP Impression X5,GLP@impression_X5@20250326_X5_byRG_prelimV2,Mode 2 Normal RGB (35ch),1845,G,4,343
GLP Impression X5,GLP@impression_X5@20250326_X5_byRG_prelimV2,Mode 2 Normal RGB (35ch),1705,Dim,4,195
GLP Impression X5,GLP@impression_X5@20250326_X5_byRG_prelimV2,Mode 2 Normal RGB (35ch),1705,G,4,203
GLP Impression X5,GLP@impression_X5@20250326_X5_byRG_prelimV2,Mode 2 Normal RGB (35ch),1775,Dim,4,265
GLP Impression X5,GLP@impression_X5@20250326_X5_byRG_prelimV2,Mode 2 Normal RGB (35ch),1775,G,4,273
GLP Impression X5,GLP@impression_X5@20250326_X5_byRG_prelimV2,Mode 2 Normal RGB (35ch),1740,Dim,4,230
GLP Impression X5,GLP@impression_X5@20250326_X5_byRG_prelimV2,Mode 2 Normal RGB (35ch),1740,G,4,238
GLP Impression X5,GLP@impression_X5@20250326_X5_byRG_prelimV2,Mode 2 Normal RGB (35ch),1810,Dim,4,300
GLP Impression X5,GLP@impression_X5@20250326_X5_byRG_prelimV2,Mode 2 Normal RGB (35ch),1810,G,4,308
GLP Impression X5,GLP@impression_X5@20250326_X5_byRG_prelimV2,Mode 2 Normal RGB (35ch),435,Dim,1,461
GLP Impression X5,GLP@impression_X5@20250326_X5_byRG_prelimV2,Mode 2 Normal RGB (35ch),435,G,1,469
GLP Impression X5,GLP@impression_X5@20250326_X5_byRG_prelimV2,Mode 2 Normal RGB (35ch),295,Dim,1,321
GLP Impression X5,GLP@impression_X5@20250326_X5_byRG_prelimV2,Mode 2 Normal RGB (35ch),295,G,1,329
GLP Impression X5,GLP@impression_X5@20250326_X5_byRG_prelimV2,Mode 2 Normal RGB (35ch),365,Dim,1,391
GLP Impression X5,GLP@impression_X5@20250326_X5_byRG_prelimV2,Mode 2 Normal RGB (35ch),365,G,1,399
GLP Impression X5,GLP@impression_X5@20250326_X5_byRG_prelimV2,Mode 2 Normal RGB (35ch),330,Dim,1,356
GLP Impression X5,GLP@impression_X5@20250326_X5_byRG_prelimV2,Mode 2 Normal RGB (35ch),330,G,1,364
GLP Impression X5,GLP@impression_X5@20250326_X5_byRG_prelimV2,Mode 2 Normal RGB (35ch),400,Dim,1,426
GLP Impression X5,GLP@impression_X5@20250326_X5_byRG_prelimV2,Mode 2 Normal RGB (35ch),400,G,1,434
Clay Paky Mini-B,Clay Paky@Mini-B,Basic RGBW 16bit ,10325,Dim,21,97
Clay Paky Mini-B,Clay Paky@Mini-B,Basic RGBW 16bit ,10325,G,21,88
Clay Paky Mini-B,Clay Paky@Mini-B,Basic RGBW 16bit ,211,Dim,1,223
Clay Paky Mini-B,Clay Paky@Mini-B,Basic RGBW 16bit ,211,G,1,214
Clay Paky Mini-B,Clay Paky@Mini-B,Basic RGBW 16bit ,9918,Dim,20,202
Clay Paky Mini-B,Clay Paky@Mini-B,Basic RGBW 16bit ,9918,G,20,193
Clay Paky Mini-B,Clay Paky@Mini-B,Basic RGBW 16bit ,9939,Dim,20,223
Clay Paky Mini-B,Clay Paky@Mini-B,Basic RGBW 16bit ,9939,G,20,214
Clay Paky Mini-B,Clay Paky@Mini-B,Basic RGBW 16bit ,9960,Dim,20,244
Clay Paky Mini-B,Clay Paky@Mini-B,Basic RGBW 16bit ,9960,G,20,235
Clay Paky Mini-B,Clay Paky@Mini-B,Basic RGBW 16bit ,9897,Dim,20,181
Clay Paky Mini-B,Clay Paky@Mini-B,Basic RGBW 16bit ,9897,G,20,172
Clay Paky Mini-B,Clay Paky@Mini-B,Basic RGBW 16bit ,9876,Dim,20,160
Clay Paky Mini-B,Clay Paky@Mini-B,Basic RGBW 16bit ,9876,G,20,151
Clay Paky Mini-B,Clay Paky@Mini-B,Basic RGBW 16bit ,10367,Dim,21,139
Clay Paky Mini-B,Clay Paky@Mini-B,Basic RGBW 16bit ,10367,G,21,130
Clay Paky Mini-B,Clay Paky@Mini-B,Basic RGBW 16bit ,10388,Dim,21,160
Clay Paky Mini-B,Clay Paky@Mini-B,Basic RGBW 16bit ,10388,G,21,151
Clay Paky Mini-B,Clay Paky@Mini-B,Basic RGBW 16bit ,10346,Dim,21,118
Clay Paky Mini-B,Clay Paky@Mini-B,Basic RGBW 16bit ,10346,G,21,109
Clay Paky Mini-B,Clay Paky@Mini-B,Basic RGBW 16bit ,10409,Dim,21,181
Clay Paky Mini-B,Clay Paky@Mini-B,Basic RGBW 16bit ,10409,G,21,172
Clay Paky Mini-B,Clay Paky@Mini-B,Basic RGBW 16bit ,10002,Dim,20,286
Clay Paky Mini-B,Clay Paky@Mini-B,Basic RGBW 16bit ,10002,G,20,277
Clay Paky Mini-B,Clay Paky@Mini-B,Basic RGBW 16bit ,10023,Dim,20,307
Clay Paky Mini-B,Clay Paky@Mini-B,Basic RGBW 16bit ,10023,G,20,298
Clay Paky Mini-B,Clay Paky@Mini-B,Basic RGBW 16bit ,10044,Dim,20,328
Clay Paky Mini-B,Clay Paky@Mini-B,Basic RGBW 16bit ,10044,G,20,319
Clay Paky Mini-B,Clay Paky@Mini-B,Basic RGBW 16bit ,9981,Dim,20,265
Clay Paky Mini-B,Clay Paky@Mini-B,Basic RGBW 16bit ,9981,G,20,256
Clay Paky Mini-B,Clay Paky@Mini-B,Basic RGBW 16bit ,274,Dim,1,286
Clay Paky Mini-B,Clay Paky@Mini-B,Basic RGBW 16bit ,274,G,1,277
Clay Paky Mini-B,Clay Paky@Mini-B,Basic RGBW 16bit ,5251,Dim,11,143
Clay Paky Mini-B,Clay Paky@Mini-B,Basic RGBW 16bit ,5251,G,11,134
Clay Paky Mini-B,Clay Paky@Mini-B,Basic RGBW 16bit ,2200,Dim,5,164
Clay Paky Mini-B,Clay Paky@Mini-B,Basic RGBW 16bit ,2200,G,5,155
Clay Paky Mini-B,Clay Paky@Mini-B,Basic RGBW 16bit ,3203,Dim,7,143
Clay Paky Mini-B,Clay Paky@Mini-B,Basic RGBW 16bit ,3203,G,7,134
Clay Paky Mini-B,Clay Paky@Mini-B,Basic RGBW 16bit ,6787,Dim,14,143
Clay Paky Mini-B,Clay Paky@Mini-B,Basic RGBW 16bit ,6787,G,14,134
Clay Paky Mini-B,Clay Paky@Mini-B,Basic RGBW 16bit ,2179,Dim,5,143
Clay Paky Mini-B,Clay Paky@Mini-B,Basic RGBW 16bit ,2179,G,5,134
Clay Paky Mini-B,Clay Paky@Mini-B,Basic RGBW 16bit ,4739,Dim,10,143
Clay Paky Mini-B,Clay Paky@Mini-B,Basic RGBW 16bit ,4739,G,10,134
Clay Paky Mini-B,Clay Paky@Mini-B,Basic RGBW 16bit ,1684,Dim,4,160
Clay Paky Mini-B,Clay Paky@Mini-B,Basic RGBW 16bit ,1684,G,4,151
Clay Paky Mini-B,Clay Paky@Mini-B,Basic RGBW 16bit ,10430,Dim,21,202
Clay Paky Mini-B,Clay Paky@Mini-B,Basic RGBW 16bit ,10430,G,21,193
Clay Paky Mini-B,Clay Paky@Mini-B,Basic RGBW 16bit ,10451,Dim,21,223
Clay Paky Mini-B,Clay Paky@Mini-B,Basic RGBW 16bit ,10451,G,21,214
Clay Paky Mini-B,Clay Paky@Mini-B,Basic RGBW 16bit ,10472,Dim,21,244
Clay Paky Mini-B,Clay Paky@Mini-B,Basic RGBW 16bit ,10472,G,21,235
Clay Paky Mini-B,Clay Paky@Mini-B,Basic RGBW 16bit ,10493,Dim,21,265
Clay Paky Mini-B,Clay Paky@Mini-B,Basic RGBW 16bit ,10493,G,21,256
Clay Paky Mini-B,Clay Paky@Mini-B,Basic RGBW 16bit ,10514,Dim,21,286
Clay Paky Mini-B,Clay Paky@Mini-B,Basic RGBW 16bit ,10514,G,21,277
Clay Paky Mini-B,Clay Paky@Mini-B,Basic RGBW 16bit ,85,Dim,1,97
Clay Paky Mini-B,Clay Paky@Mini-B,Basic RGBW 16bit ,85,G,1,88
Clay Paky Mini-B,Clay Paky@Mini-B,Basic RGBW 16bit ,43,Dim,1,55
Clay Paky Mini-B,Clay Paky@Mini-B,Basic RGBW 16bit ,43,G,1,46
Clay Paky Mini-B,Clay Paky@Mini-B,Basic RGBW 16bit ,64,Dim,1,76
Clay Paky Mini-B,Clay Paky@Mini-B,Basic RGBW 16bit ,64,G,1,67
Clay Paky Mini-B,Clay Paky@Mini-B,Basic RGBW 16bit ,1,Dim,1,13
Clay Paky Mini-B,Clay Paky@Mini-B,Basic RGBW 16bit ,1,G,1,4
Clay Paky Mini-B,Clay Paky@Mini-B,Basic RGBW 16bit ,1537,Dim,4,13
Clay Paky Mini-B,Clay Paky@Mini-B,Basic RGBW 16bit ,1537,G,4,4
Clay Paky Mini-B,Clay Paky@Mini-B,Basic RGBW 16bit ,1558,Dim,4,34
Clay Paky Mini-B,Clay Paky@Mini-B,Basic RGBW 16bit ,1558,G,4,25
Clay Paky Mini-B,Clay Paky@Mini-B,Basic RGBW 16bit ,1579,Dim,4,55
Clay Paky Mini-B,Clay Paky@Mini-B,Basic RGBW 16bit ,1579,G,4,46
Clay Paky Mini-B,Clay Paky@Mini-B,Basic RGBW 16bit ,1600,Dim,4,76
Clay Paky Mini-B,Clay Paky@Mini-B,Basic RGBW 16bit ,1600,G,4,67
Clay Paky Mini-B,Clay Paky@Mini-B,Basic RGBW 16bit ,22,Dim,1,34
Clay Paky Mini-B,Clay Paky@Mini-B,Basic RGBW 16bit ,22,G,1,25
Clay Paky Mini-B,Clay Paky@Mini-B,Basic RGBW 16bit ,253,Dim,1,265
Clay Paky Mini-B,Clay Paky@Mini-B,Basic RGBW 16bit ,253,G,1,256
Clay Paky Mini-B,Clay Paky@Mini-B,Basic RGBW 16bit ,232,Dim,1,244
Clay Paky Mini-B,Clay Paky@Mini-B,Basic RGBW 16bit ,232,G,1,235
Clay Paky Mini-B,Clay Paky@Mini-B,Basic RGBW 16bit ,190,Dim,1,202
Clay Paky Mini-B,Clay Paky@Mini-B,Basic RGBW 16bit ,190,G,1,193
Clay Paky Mini-B,Clay Paky@Mini-B,Basic RGBW 16bit ,169,Dim,1,181
Clay Paky Mini-B,Clay Paky@Mini-B,Basic RGBW 16bit ,169,G,1,172
Clay Paky Mini-B,Clay Paky@Mini-B,Basic RGBW 16bit ,106,Dim,1,118
Clay Paky Mini-B,Clay Paky@Mini-B,Basic RGBW 16bit ,106,G,1,109
Clay Paky Mini-B,Clay Paky@Mini-B,Basic RGBW 16bit ,127,Dim,1,139
Clay Paky Mini-B,Clay Paky@Mini-B,Basic RGBW 16bit ,127,G,1,130
Clay Paky Mini-B,Clay Paky@Mini-B,Basic RGBW 16bit ,148,Dim,1,160
Clay Paky Mini-B,Clay Paky@Mini-B,Basic RGBW 16bit ,148,G,1,151
Clay Paky Mini-B,Clay Paky@Mini-B,Basic RGBW 16bit ,10283,Dim,21,55
Clay Paky Mini-B,Clay Paky@Mini-B,Basic RGBW 16bit ,10283,G,21,46
Clay Paky Mini-B,Clay Paky@Mini-B,Basic RGBW 16bit ,1663,Dim,4,139
Clay Paky Mini-B,Clay Paky@Mini-B,Basic RGBW 16bit ,1663,G,4,130
Clay Paky Mini-B,Clay Paky@Mini-B,Basic RGBW 16bit ,1642,Dim,4,118
Clay Paky Mini-B,Clay Paky@Mini-B,Basic RGBW 16bit ,1642,G,4,109
Clay Paky Mini-B,Clay Paky@Mini-B,Basic RGBW 16bit ,1621,Dim,4,97
Clay Paky Mini-B,Clay Paky@Mini-B,Basic RGBW 16bit ,1621,G,4,88
Clay Paky Mini-B,Clay Paky@Mini-B,Basic RGBW 16bit ,9855,Dim,20,139
Clay Paky Mini-B,Clay Paky@Mini-B,Basic RGBW 16bit ,9855,G,20,130
Clay Paky Mini-B,Clay Paky@Mini-B,Basic RGBW 16bit ,9834,Dim,20,118
Clay Paky Mini-B,Clay Paky@Mini-B,Basic RGBW 16bit ,9834,G,20,109
Clay Paky Mini-B,Clay Paky@Mini-B,Basic RGBW 16bit ,10304,Dim,21,76
Clay Paky Mini-B,Clay Paky@Mini-B,Basic RGBW 16bit ,10304,G,21,67
Clay Paky Mini-B,Clay Paky@Mini-B,Basic RGBW 16bit ,10262,Dim,21,34
Clay Paky Mini-B,Clay Paky@Mini-B,Basic RGBW 16bit ,10262,G,21,25
Clay Paky Mini-B,Clay Paky@Mini-B,Basic RGBW 16bit ,10241,Dim,21,13
Clay Paky Mini-B,Clay Paky@Mini-B,Basic RGBW 16bit ,10241,G,21,4
Clay Paky Mini-B,Clay Paky@Mini-B,Basic RGBW 16bit ,9729,Dim,20,13
Clay Paky Mini-B,Clay Paky@Mini-B,Basic RGBW 16bit ,9729,G,20,4
Clay Paky Mini-B,Clay Paky@Mini-B,Basic RGBW 16bit ,9813,Dim,20,97
Clay Paky Mini-B,Clay Paky@Mini-B,Basic RGBW 16bit ,9813,G,20,88
Clay Paky Mini-B,Clay Paky@Mini-B,Basic RGBW 16bit ,9792,Dim,20,76
Clay Paky Mini-B,Clay Paky@Mini-B,Basic RGBW 16bit ,9792,G,20,67
Clay Paky Mini-B,Clay Paky@Mini-B,Basic RGBW 16bit ,9771,Dim,20,55
Clay Paky Mini-B,Clay Paky@Mini-B,Basic RGBW 16bit ,9771,G,20,46
Clay Paky Mini-B,Clay Paky@Mini-B,Basic RGBW 16bit ,9750,Dim,20,34
Clay Paky Mini-B,Clay Paky@Mini-B,Basic RGBW 16bit ,9750,G,20,25
Ayrton Rivale Profile,Ayrton@Rivale_Profile@V1.53_Adjust_Real_PT_Values,Standard_540,6145,Dim,13,9
Ayrton Rivale Profile,Ayrton@Rivale_Profile@V1.53_Adjust_Real_PT_Values,Standard_540,6145,Focus1,13,13
Ayrton Rivale Profile,Ayrton@Rivale_Profile@V1.53_Adjust_Real_PT_Values,Standard_540,6145,G1,13,22
Ayrton Rivale Profile,Ayrton@Rivale_Profile@V1.53_Adjust_Real_PT_Values,Standard_540,6145,G1 <>,13,23
Ayrton Rivale Profile,Ayrton@Rivale_Profile@V1.53_Adjust_Real_PT_Values,Standard_540,6145,G2,13,25
Ayrton Rivale Profile,Ayrton@Rivale_Profile@V1.53_Adjust_Real_PT_Values,Standard_540,6145,Iris,13,27
Ayrton Rivale Profile,Ayrton@Rivale_Profile@V1.53_Adjust_Real_PT_Values,Standard_540,6722,Dim,14,74
Ayrton Rivale Profile,Ayrton@Rivale_Profile@V1.53_Adjust_Real_PT_Values,Standard_540,6722,Focus1,14,78
Ayrton Rivale Profile,Ayrton@Rivale_Profile@V1.53_Adjust_Real_PT_Values,Standard_540,6722,G1,14,87
Ayrton Rivale Profile,Ayrton@Rivale_Profile@V1.53_Adjust_Real_PT_Values,Standard_540,6722,G1 <>,14,88
Ayrton Rivale Profile,Ayrton@Rivale_Profile@V1.53_Adjust_Real_PT_Values,Standard_540,6722,G2,14,90
Ayrton Rivale Profile,Ayrton@Rivale_Profile@V1.53_Adjust_Real_PT_Values,Standard_540,6722,Iris,14,92
Ayrton Rivale Profile,Ayrton@Rivale_Profile@V1.53_Adjust_Real_PT_Values,Standard_540,6210,Dim,13,74
Ayrton Rivale Profile,Ayrton@Rivale_Profile@V1.53_Adjust_Real_PT_Values,Standard_540,6210,Focus1,13,78
Ayrton Rivale Profile,Ayrton@Rivale_Profile@V1.53_Adjust_Real_PT_Values,Standard_540,6210,G1,13,87
Ayrton Rivale Profile,Ayrton@Rivale_Profile@V1.53_Adjust_Real_PT_Values,Standard_540,6210,G1 <>,13,88
Ayrton Rivale Profile,Ayrton@Rivale_Profile@V1.53_Adjust_Real_PT_Values,Standard_540,6210,G2,13,90
Ayrton Rivale Profile,Ayrton@Rivale_Profile@V1.53_Adjust_Real_PT_Values,Standard_540,6210,Iris,13,92
Ayrton Rivale Profile,Ayrton@Rivale_Profile@V1.53_Adjust_Real_PT_Values,Standard_540,5698,Dim,12,74
Ayrton Rivale Profile,Ayrton@Rivale_Profile@V1.53_Adjust_Real_PT_Values,Standard_540,5698,Focus1,12,78
Ayrton Rivale Profile,Ayrton@Rivale_Profile@V1.53_Adjust_Real_PT_Values,Standard_540,5698,G1,12,87
Ayrton Rivale Profile,Ayrton@Rivale_Profile@V1.53_Adjust_Real_PT_Values,Standard_540,5698,G1 <>,12,88
Ayrton Rivale Profile,Ayrton@Rivale_Profile@V1.53_Adjust_Real_PT_Values,Standard_540,5698,G2,12,90
Ayrton Rivale Profile,Ayrton@Rivale_Profile@V1.53_Adjust_Real_PT_Values,Standard_540,5698,Iris,12,92
Ayrton Rivale Profile,Ayrton@Rivale_Profile@V1.53_Adjust_Real_PT_Values,Standard_540,5121,Dim,11,9
Ayrton Rivale Profile,Ayrton@Rivale_Profile@V1.53_Adjust_Real_PT_Values,Standard_540,5121,Focus1,11,13
Ayrton Rivale Profile,Ayrton@Rivale_Profile@V1.53_Adjust_Real_PT_Values,Standard_540,5121,G1,11,22
Ayrton Rivale Profile,Ayrton@Rivale_Profile@V1.53_Adjust_Real_PT_Values,Standard_540,5121,G1 <>,11,23
Ayrton Rivale Profile,Ayrton@Rivale_Profile@V1.53_Adjust_Real_PT_Values,Standard_540,5121,G2,11,25
Ayrton Rivale Profile,Ayrton@Rivale_Profile@V1.53_Adjust_Real_PT_Values,Standard_540,5121,Iris,11,27
Ayrton Rivale Profile,Ayrton@Rivale_Profile@V1.53_Adjust_Real_PT_Values,Standard_540,5633,Dim,12,9
Ayrton Rivale Profile,Ayrton@Rivale_Profile@V1.53_Adjust_Real_PT_Values,Standard_540,5633,Focus1,12,13
Ayrton Rivale Profile,Ayrton@Rivale_Profile@V1.53_Adjust_Real_PT_Values,Standard_540,5633,G1,12,22
Ayrton Rivale Profile,Ayrton@Rivale_Profile@V1.53_Adjust_Real_PT_Values,Standard_540,5633,G1 <>,12,23
Ayrton Rivale Profile,Ayrton@Rivale_Profile@V1.53_Adjust_Real_PT_Values,Standard_540,5633,G2,12,25
Ayrton Rivale Profile,Ayrton@Rivale_Profile@V1.53_Adjust_Real_PT_Values,Standard_540,5633,Iris,12,27
Ayrton Rivale Profile,Ayrton@Rivale_Profile@V1.53_Adjust_Real_PT_Values,Standard_540,4674,Dim,10,74
Ayrton Rivale Profile,Ayrton@Rivale_Profile@V1.53_Adjust_Real_PT_Values,Standard_540,4674,Focus1,10,78
Ayrton Rivale Profile,Ayrton@Rivale_Profile@V1.53_Adjust_Real_PT_Values,Standard_540,4674,G1,10,87
Ayrton Rivale Profile,Ayrton@Rivale_Profile@V1.53_Adjust_Real_PT_Values,Standard_540,4674,G1 <>,10,88
Ayrton Rivale Profile,Ayrton@Rivale_Profile@V1.53_Adjust_Real_PT_Values,Standard_540,4674,G2,10,90
Ayrton Rivale Profile,Ayrton@Rivale_Profile@V1.53_Adjust_Real_PT_Values,Standard_540,4674,Iris,10,92
Ayrton Rivale Profile,Ayrton@Rivale_Profile@V1.53_Adjust_Real_PT_Values,Standard_540,4097,Dim,9,9
Ayrton Rivale Profile,Ayrton@Rivale_Profile@V1.53_Adjust_Real_PT_Values,Standard_540,4097,Focus1,9,13
Ayrton Rivale Profile,Ayrton@Rivale_Profile@V1.53_Adjust_Real_PT_Values,Standard_540,4097,G1,9,22
Ayrton Rivale Profile,Ayrton@Rivale_Profile@V1.53_Adjust_Real_PT_Values,Standard_540,4097,G1 <>,9,23
Ayrton Rivale Profile,Ayrton@Rivale_Profile@V1.53_Adjust_Real_PT_Values,Standard_540,4097,G2,9,25
Ayrton Rivale Profile,Ayrton@Rivale_Profile@V1.53_Adjust_Real_PT_Values,Standard_540,4097,Iris,9,27
Ayrton Rivale Profile,Ayrton@Rivale_Profile@V1.53_Adjust_Real_PT_Values,Standard_540,4162,Dim,9,74
Ayrton Rivale Profile,Ayrton@Rivale_Profile@V1.53_Adjust_Real_PT_Values,Standard_540,4162,Focus1,9,78
Ayrton Rivale Profile,Ayrton@Rivale_Profile@V1.53_Adjust_Real_PT_Values,Standard_540,4162,G1,9,87
Ayrton Rivale Profile,Ayrton@Rivale_Profile@V1.53_Adjust_Real_PT_Values,Standard_540,4162,G1 <>,9,88
Ayrton Rivale Profile,Ayrton@Rivale_Profile@V1.53_Adjust_Real_PT_Values,Standard_540,4162,G2,9,90
Ayrton Rivale Profile,Ayrton@Rivale_Profile@V1.53_Adjust_Real_PT_Values,Standard_540,4162,Iris,9,92
Ayrton Rivale Profile,Ayrton@Rivale_Profile@V1.53_Adjust_Real_PT_Values,Standard_540,3073,Dim,7,9
Ayrton Rivale Profile,Ayrton@Rivale_Profile@V1.53_Adjust_Real_PT_Values,Standard_540,3073,Focus1,7,13
Ayrton Rivale Profile,Ayrton@Rivale_Profile@V1.53_Adjust_Real_PT_Values,Standard_540,3073,G1,7,22
Ayrton Rivale Profile,Ayrton@Rivale_Profile@V1.53_Adjust_Real_PT_Values,Standard_540,3073,G1 <>,7,23
Ayrton Rivale Profile,Ayrton@Rivale_Profile@V1.53_Adjust_Real_PT_Values,Standard_540,3073,G2,7,25
Ayrton Rivale Profile,Ayrton@Rivale_Profile@V1.53_Adjust_Real_PT_Values,Standard_540,3073,Iris,7,27
Ayrton Rivale Profile,Ayrton@Rivale_Profile@V1.53_Adjust_Real_PT_Values,Standard_540,3650,Dim,8,74
Ayrton Rivale Profile,Ayrton@Rivale_Profile@V1.53_Adjust_Real_PT_Values,Standard_540,3650,Focus1,8,78
Ayrton Rivale Profile,Ayrton@Rivale_Profile@V1.53_Adjust_Real_PT_Values,Standard_540,3650,G1,8,87
Ayrton Rivale Profile,Ayrton@Rivale_Profile@V1.53_Adjust_Real_PT_Values,Standard_540,3650,G1 <>,8,88
Ayrton Rivale Profile,Ayrton@Rivale_Profile@V1.53_Adjust_Real_PT_Values,Standard_540,3650,G2,8,90
Ayrton Rivale Profile,Ayrton@Rivale_Profile@V1.53_Adjust_Real_PT_Values,Standard_540,3650,Iris,8,92
Ayrton Rivale Profile,Ayrton@Rivale_Profile@V1.53_Adjust_Real_PT_Values,Standard_540,3585,Dim,8,9
Ayrton Rivale Profile,Ayrton@Rivale_Profile@V1.53_Adjust_Real_PT_Values,Standard_540,3585,Focus1,8,13
Ayrton Rivale Profile,Ayrton@Rivale_Profile@V1.53_Adjust_Real_PT_Values,Standard_540,3585,G1,8,22
Ayrton Rivale Profile,Ayrton@Rivale_Profile@V1.53_Adjust_Real_PT_Values,Standard_540,3585,G1 <>,8,23
Ayrton Rivale Profile,Ayrton@Rivale_Profile@V1.53_Adjust_Real_PT_Values,Standard_540,3585,G2,8,25
Ayrton Rivale Profile,Ayrton@Rivale_Profile@V1.53_Adjust_Real_PT_Values,Standard_540,3585,Iris,8,27
Ayrton Rivale Profile,Ayrton@Rivale_Profile@V1.53_Adjust_Real_PT_Values,Standard_540,6657,Dim,14,9
Ayrton Rivale Profile,Ayrton@Rivale_Profile@V1.53_Adjust_Real_PT_Values,Standard_540,6657,Focus1,14,13
Ayrton Rivale Profile,Ayrton@Rivale_Profile@V1.53_Adjust_Real_PT_Values,Standard_540,6657,G1,14,22
Ayrton Rivale Profile,Ayrton@Rivale_Profile@V1.53_Adjust_Real_PT_Values,Standard_540,6657,G1 <>,14,23
Ayrton Rivale Profile,Ayrton@Rivale_Profile@V1.53_Adjust_Real_PT_Values,Standard_540,6657,G2,14,25
Ayrton Rivale Profile,Ayrton@Rivale_Profile@V1.53_Adjust_Real_PT_Values,Standard_540,6657,Iris,14,27
Ayrton Rivale Profile,Ayrton@Rivale_Profile@V1.53_Adjust_Real_PT_Values,Standard_540,5186,Dim,11,74
Ayrton Rivale Profile,Ayrton@Rivale_Profile@V1.53_Adjust_Real_PT_Values,Standard_540,5186,Focus1,11,78
Ayrton Rivale Profile,Ayrton@Rivale_Profile@V1.53_Adjust_Real_PT_Values,Standard_540,5186,G1,11,87
Ayrton Rivale Profile,Ayrton@Rivale_Profile@V1.53_Adjust_Real_PT_Values,Standard_540,5186,G1 <>,11,88
Ayrton Rivale Profile,Ayrton@Rivale_Profile@V1.53_Adjust_Real_PT_Values,Standard_540,5186,G2,11,90
Ayrton Rivale Profile,Ayrton@Rivale_Profile@V1.53_Adjust_Real_PT_Values,Standard_540,5186,Iris,11,92
Ayrton Rivale Profile,Ayrton@Rivale_Profile@V1.53_Adjust_Real_PT_Values,Standard_540,4609,Dim,10,9
Ayrton Rivale Profile,Ayrton@Rivale_Profile@V1.53_Adjust_Real_PT_Values,Standard_540,4609,Focus1,10,13
Ayrton Rivale Profile,Ayrton@Rivale_Profile@V1.53_Adjust_Real_PT_Values,Standard_540,4609,G1,10,22
Ayrton Rivale Profile,Ayrton@Rivale_Profile@V1.53_Adjust_Real_PT_Values,Standard_540,4609,G1 <>,10,23
Ayrton Rivale Profile,Ayrton@Rivale_Profile@V1.53_Adjust_Real_PT_Values,Standard_540,4609,G2,10,25
Ayrton Rivale Profile,Ayrton@Rivale_Profile@V1.53_Adjust_Real_PT_Values,Standard_540,4609,Iris,10,27
Ayrton Rivale Profile,Ayrton@Rivale_Profile@V1.53_Adjust_Real_PT_Values,Standard_540,3138,Dim,7,74
Ayrton Rivale Profile,Ayrton@Rivale_Profile@V1.53_Adjust_Real_PT_Values,Standard_540,3138,Focus1,7,78
Ayrton Rivale Profile,Ayrton@Rivale_Profile@V1.53_Adjust_Real_PT_Values,Standard_540,3138,G1,7,87
Ayrton Rivale Profile,Ayrton@Rivale_Profile@V1.53_Adjust_Real_PT_Values,Standard_540,3138,G1 <>,7,88
Ayrton Rivale Profile,Ayrton@Rivale_Profile@V1.53_Adjust_Real_PT_Values,Standard_540,3138,G2,7,90
Ayrton Rivale Profile,Ayrton@Rivale_Profile@V1.53_Adjust_Real_PT_Values,Standard_540,3138,Iris,7,92
Ayrton Rivale Profile,Ayrton@Rivale_Profile@V1.53_Adjust_Real_PT_Values,Standard_540,2049,Dim,5,9
Ayrton Rivale Profile,Ayrton@Rivale_Profile@V1.53_Adjust_Real_PT_Values,Standard_540,2049,Focus1,5,13
Ayrton Rivale Profile,Ayrton@Rivale_Profile@V1.53_Adjust_Real_PT_Values,Standard_540,2049,G1,5,22
Ayrton Rivale Profile,Ayrton@Rivale_Profile@V1.53_Adjust_Real_PT_Values,Standard_540,2049,G1 <>,5,23
Ayrton Rivale Profile,Ayrton@Rivale_Profile@V1.53_Adjust_Real_PT_Values,Standard_540,2049,G2,5,25
Ayrton Rivale Profile,Ayrton@Rivale_Profile@V1.53_Adjust_Real_PT_Values,Standard_540,2049,Iris,5,27
Ayrton Rivale Profile,Ayrton@Rivale_Profile@V1.53_Adjust_Real_PT_Values,Standard_540,2114,Dim,5,74
Ayrton Rivale Profile,Ayrton@Rivale_Profile@V1.53_Adjust_Real_PT_Values,Standard_540,2114,Focus1,5,78
Ayrton Rivale Profile,Ayrton@Rivale_Profile@V1.53_Adjust_Real_PT_Values,Standard_540,2114,G1,5,87
Ayrton Rivale Profile,Ayrton@Rivale_Profile@V1.53_Adjust_Real_PT_Values,Standard_540,2114,G1 <>,5,88
Ayrton Rivale Profile,Ayrton@Rivale_Profile@V1.53_Adjust_Real_PT_Values,Standard_540,2114,G2,5,90
Ayrton Rivale Profile,Ayrton@Rivale_Profile@V1.53_Adjust_Real_PT_Values,Standard_540,2114,Iris,5,92
Ayrton Rivale Profile,Ayrton@Rivale_Profile@V1.53_Adjust_Real_PT_Values,Standard_540,2561,Dim,6,9
Ayrton Rivale Profile,Ayrton@Rivale_Profile@V1.53_Adjust_Real_PT_Values,Standard_540,2561,Focus1,6,13
Ayrton Rivale Profile,Ayrton@Rivale_Profile@V1.53_Adjust_Real_PT_Values,Standard_540,2561,G1,6,22
Ayrton Rivale Profile,Ayrton@Rivale_Profile@V1.53_Adjust_Real_PT_Values,Standard_540,2561,G1 <>,6,23
Ayrton Rivale Profile,Ayrton@Rivale_Profile@V1.53_Adjust_Real_PT_Values,Standard_540,2561,G2,6,25
Ayrton Rivale Profile,Ayrton@Rivale_Profile@V1.53_Adjust_Real_PT_Values,Standard_540,2561,Iris,6,27
Ayrton Rivale Profile,Ayrton@Rivale_Profile@V1.53_Adjust_Real_PT_Values,Standard_540,2691,Dim,6,139
Ayrton Rivale Profile,Ayrton@Rivale_Profile@V1.53_Adjust_Real_PT_Values,Standard_540,2691,Focus1,6,143
Ayrton Rivale Profile,Ayrton@Rivale_Profile@V1.53_Adjust_Real_PT_Values,Standard_540,2691,G1,6,152
Ayrton Rivale Profile,Ayrton@Rivale_Profile@V1.53_Adjust_Real_PT_Values,Standard_540,2691,G1 <>,6,153
Ayrton Rivale Profile,Ayrton@Rivale_Profile@V1.53_Adjust_Real_PT_Values,Standard_540,2691,G2,6,155
Ayrton Rivale Profile,Ayrton@Rivale_Profile@V1.53_Adjust_Real_PT_Values,Standard_540,2691,Iris,6,157
Ayrton Rivale Profile,Ayrton@Rivale_Profile@V1.53_Adjust_Real_PT_Values,Standard_540,7746,Dim,16,74
Ayrton Rivale Profile,Ayrton@Rivale_Profile@V1.53_Adjust_Real_PT_Values,Standard_540,7746,Focus1,16,78
Ayrton Rivale Profile,Ayrton@Rivale_Profile@V1.53_Adjust_Real_PT_Values,Standard_540,7746,G1,16,87
Ayrton Rivale Profile,Ayrton@Rivale_Profile@V1.53_Adjust_Real_PT_Values,Standard_540,7746,G1 <>,16,88
Ayrton Rivale Profile,Ayrton@Rivale_Profile@V1.53_Adjust_Real_PT_Values,Standard_540,7746,G2,16,90
Ayrton Rivale Profile,Ayrton@Rivale_Profile@V1.53_Adjust_Real_PT_Values,Standard_540,7746,Iris,16,92
Ayrton Rivale Profile,Ayrton@Rivale_Profile@V1.53_Adjust_Real_PT_Values,Standard_540,8388,Dim,17,204
Ayrton Rivale Profile,Ayrton@Rivale_Profile@V1.53_Adjust_Real_PT_Values,Standard_540,8388,Focus1,17,208
Ayrton Rivale Profile,Ayrton@Rivale_Profile@V1.53_Adjust_Real_PT_Values,Standard_540,8388,G1,17,217
Ayrton Rivale Profile,Ayrton@Rivale_Profile@V1.53_Adjust_Real_PT_Values,Standard_540,8388,G1 <>,17,218
Ayrton Rivale Profile,Ayrton@Rivale_Profile@V1.53_Adjust_Real_PT_Values,Standard_540,8388,G2,17,220
Ayrton Rivale Profile,Ayrton@Rivale_Profile@V1.53_Adjust_Real_PT_Values,Standard_540,8388,Iris,17,222
Ayrton Rivale Profile,Ayrton@Rivale_Profile@V1.53_Adjust_Real_PT_Values,Standard_540,7299,Dim,15,139
Ayrton Rivale Profile,Ayrton@Rivale_Profile@V1.53_Adjust_Real_PT_Values,Standard_540,7299,Focus1,15,143
Ayrton Rivale Profile,Ayrton@Rivale_Profile@V1.53_Adjust_Real_PT_Values,Standard_540,7299,G1,15,152
Ayrton Rivale Profile,Ayrton@Rivale_Profile@V1.53_Adjust_Real_PT_Values,Standard_540,7299,G1 <>,15,153
Ayrton Rivale Profile,Ayrton@Rivale_Profile@V1.53_Adjust_Real_PT_Values,Standard_540,7299,G2,15,155
Ayrton Rivale Profile,Ayrton@Rivale_Profile@V1.53_Adjust_Real_PT_Values,Standard_540,7299,Iris,15,157
Ayrton Rivale Profile,Ayrton@Rivale_Profile@V1.53_Adjust_Real_PT_Values,Standard_540,7811,Dim,16,139
Ayrton Rivale Profile,Ayrton@Rivale_Profile@V1.53_Adjust_Real_PT_Values,Standard_540,7811,Focus1,16,143
Ayrton Rivale Profile,Ayrton@Rivale_Profile@V1.53_Adjust_Real_PT_Values,Standard_540,7811,G1,16,152
Ayrton Rivale Profile,Ayrton@Rivale_Profile@V1.53_Adjust_Real_PT_Values,Standard_540,7811,G1 <>,16,153
Ayrton Rivale Profile,Ayrton@Rivale_Profile@V1.53_Adjust_Real_PT_Values,Standard_540,7811,G2,16,155
Ayrton Rivale Profile,Ayrton@Rivale_Profile@V1.53_Adjust_Real_PT_Values,Standard_540,7811,Iris,16,157
Ayrton Rivale Profile,Ayrton@Rivale_Profile@V1.53_Adjust_Real_PT_Values,Standard_540,2626,Dim,6,74
Ayrton Rivale Profile,Ayrton@Rivale_Profile@V1.53_Adjust_Real_PT_Values,Standard_540,2626,Focus1,6,78
Ayrton Rivale Profile,Ayrton@Rivale_Profile@V1.53_Adjust_Real_PT_Values,Standard_540,2626,G1,6,87
Ayrton Rivale Profile,Ayrton@Rivale_Profile@V1.53_Adjust_Real_PT_Values,Standard_540,2626,G1 <>,6,88
Ayrton Rivale Profile,Ayrton@Rivale_Profile@V1.53_Adjust_Real_PT_Values,Standard_540,2626,G2,6,90
Ayrton Rivale Profile,Ayrton@Rivale_Profile@V1.53_Adjust_Real_PT_Values,Standard_540,2626,Iris,6,92
GLP Impression X5,GLP@impression_X5@20250326_X5_byRG_prelimV2,Mode 2 Normal RGB (35ch),2756,Dim,6,222
GLP Impression X5,GLP@impression_X5@20250326_X5_byRG_prelimV2,Mode 2 Normal RGB (35ch),2756,G,6,230
GLP Impression X5,GLP@impression_X5@20250326_X5_byRG_prelimV2,Mode 2 Normal RGB (35ch),2791,Dim,6,257
GLP Impression X5,GLP@impression_X5@20250326_X5_byRG_prelimV2,Mode 2 Normal RGB (35ch),2791,G,6,265
GLP Impression X5,GLP@impression_X5@20250326_X5_byRG_prelimV2,Mode 2 Normal RGB (35ch),2826,Dim,6,292
GLP Impression X5,GLP@impression_X5@20250326_X5_byRG_prelimV2,Mode 2 Normal RGB (35ch),2826,G,6,300
GLP Impression X5,GLP@impression_X5@20250326_X5_byRG_prelimV2,Mode 2 Normal RGB (35ch),2861,Dim,6,327
GLP Impression X5,GLP@impression_X5@20250326_X5_byRG_prelimV2,Mode 2 Normal RGB (35ch),2861,G,6,335
GLP Impression X5,GLP@impression_X5@20250326_X5_byRG_prelimV2,Mode 2 Normal RGB (35ch),2256,Dim,5,234
GLP Impression X5,GLP@impression_X5@20250326_X5_byRG_prelimV2,Mode 2 Normal RGB (35ch),2256,G,5,242
GLP Impression X5,GLP@impression_X5@20250326_X5_byRG_prelimV2,Mode 2 Normal RGB (35ch),2221,Dim,5,199
GLP Impression X5,GLP@impression_X5@20250326_X5_byRG_prelimV2,Mode 2 Normal RGB (35ch),2221,G,5,207
GLP Impression X5,GLP@impression_X5@20250326_X5_byRG_prelimV2,Mode 2 Normal RGB (35ch),2931,Dim,6,397
GLP Impression X5,GLP@impression_X5@20250326_X5_byRG_prelimV2,Mode 2 Normal RGB (35ch),2931,G,6,405
GLP Impression X5,GLP@impression_X5@20250326_X5_byRG_prelimV2,Mode 2 Normal RGB (35ch),2896,Dim,6,362
GLP Impression X5,GLP@impression_X5@20250326_X5_byRG_prelimV2,Mode 2 Normal RGB (35ch),2896,G,6,370
GLP Impression X5,GLP@impression_X5@20250326_X5_byRG_prelimV2,Mode 2 Normal RGB (35ch),2291,Dim,5,269
GLP Impression X5,GLP@impression_X5@20250326_X5_byRG_prelimV2,Mode 2 Normal RGB (35ch),2291,G,5,277
GLP Impression X5,GLP@impression_X5@20250326_X5_byRG_prelimV2,Mode 2 Normal RGB (35ch),2326,Dim,5,304
GLP Impression X5,GLP@impression_X5@20250326_X5_byRG_prelimV2,Mode 2 Normal RGB (35ch),2326,G,5,312
GLP Impression X5,GLP@impression_X5@20250326_X5_byRG_prelimV2,Mode 2 Normal RGB (35ch),4227,Dim,9,157
GLP Impression X5,GLP@impression_X5@20250326_X5_byRG_prelimV2,Mode 2 Normal RGB (35ch),4227,G,9,165
GLP Impression X5,GLP@impression_X5@20250326_X5_byRG_prelimV2,Mode 2 Normal RGB (35ch),4262,Dim,9,192
GLP Impression X5,GLP@impression_X5@20250326_X5_byRG_prelimV2,Mode 2 Normal RGB (35ch),4262,G,9,200
GLP Impression X5,GLP@impression_X5@20250326_X5_byRG_prelimV2,Mode 2 Normal RGB (35ch),4297,Dim,9,227
GLP Impression X5,GLP@impression_X5@20250326_X5_byRG_prelimV2,Mode 2 Normal RGB (35ch),4297,G,9,235
GLP Impression X5,GLP@impression_X5@20250326_X5_byRG_prelimV2,Mode 2 Normal RGB (35ch),3715,Dim,8,157
GLP Impression X5,GLP@impression_X5@20250326_X5_byRG_prelimV2,Mode 2 Normal RGB (35ch),3715,G,8,165
GLP Impression X5,GLP@impression_X5@20250326_X5_byRG_prelimV2,Mode 2 Normal RGB (35ch),4760,Dim,10,178
GLP Impression X5,GLP@impression_X5@20250326_X5_byRG_prelimV2,Mode 2 Normal RGB (35ch),4760,G,10,186
GLP Impression X5,GLP@impression_X5@20250326_X5_byRG_prelimV2,Mode 2 Normal RGB (35ch),4795,Dim,10,213
GLP Impression X5,GLP@impression_X5@20250326_X5_byRG_prelimV2,Mode 2 Normal RGB (35ch),4795,G,10,221
GLP Impression X5,GLP@impression_X5@20250326_X5_byRG_prelimV2,Mode 2 Normal RGB (35ch),3750,Dim,8,192
GLP Impression X5,GLP@impression_X5@20250326_X5_byRG_prelimV2,Mode 2 Normal RGB (35ch),3750,G,8,200
GLP Impression X5,GLP@impression_X5@20250326_X5_byRG_prelimV2,Mode 2 Normal RGB (35ch),3785,Dim,8,227
GLP Impression X5,GLP@impression_X5@20250326_X5_byRG_prelimV2,Mode 2 Normal RGB (35ch),3785,G,8,235
GLP Impression X5,GLP@impression_X5@20250326_X5_byRG_prelimV2,Mode 2 Normal RGB (35ch),3224,Dim,7,178
GLP Impression X5,GLP@impression_X5@20250326_X5_byRG_prelimV2,Mode 2 Normal RGB (35ch),3224,G,7,186
GLP Impression X5,GLP@impression_X5@20250326_X5_byRG_prelimV2,Mode 2 Normal RGB (35ch),3259,Dim,7,213
GLP Impression X5,GLP@impression_X5@20250326_X5_byRG_prelimV2,Mode 2 Normal RGB (35ch),3259,G,7,221
GLP Impression X5,GLP@impression_X5@20250326_X5_byRG_prelimV2,Mode 2 Normal RGB (35ch),6878,Dim,14,248
GLP Impression X5,GLP@impression_X5@20250326_X5_byRG_prelimV2,Mode 2 Normal RGB (35ch),6878,G,14,256
GLP Impression X5,GLP@impression_X5@20250326_X5_byRG_prelimV2,Mode 2 Normal RGB (35ch),6340,Dim,13,222
GLP Impression X5,GLP@impression_X5@20250326_X5_byRG_prelimV2,Mode 2 Normal RGB (35ch),6340,G,13,230
GLP Impression X5,GLP@impression_X5@20250326_X5_byRG_prelimV2,Mode 2 Normal RGB (35ch),6375,Dim,13,257
GLP Impression X5,GLP@impression_X5@20250326_X5_byRG_prelimV2,Mode 2 Normal RGB (35ch),6375,G,13,265
GLP Impression X5,GLP@impression_X5@20250326_X5_byRG_prelimV2,Mode 2 Normal RGB (35ch),5763,Dim,12,157
GLP Impression X5,GLP@impression_X5@20250326_X5_byRG_prelimV2,Mode 2 Normal RGB (35ch),5763,G,12,165
GLP Impression X5,GLP@impression_X5@20250326_X5_byRG_prelimV2,Mode 2 Normal RGB (35ch),6808,Dim,14,178
GLP Impression X5,GLP@impression_X5@20250326_X5_byRG_prelimV2,Mode 2 Normal RGB (35ch),6808,G,14,186
GLP Impression X5,GLP@impression_X5@20250326_X5_byRG_prelimV2,Mode 2 Normal RGB (35ch),6843,Dim,14,213
GLP Impression X5,GLP@impression_X5@20250326_X5_byRG_prelimV2,Mode 2 Normal RGB (35ch),6843,G,14,221
GLP Impression X5,GLP@impression_X5@20250326_X5_byRG_prelimV2,Mode 2 Normal RGB (35ch),5798,Dim,12,192
GLP Impression X5,GLP@impression_X5@20250326_X5_byRG_prelimV2,Mode 2 Normal RGB (35ch),5798,G,12,200
GLP Impression X5,GLP@impression_X5@20250326_X5_byRG_prelimV2,Mode 2 Normal RGB (35ch),5272,Dim,11,178
GLP Impression X5,GLP@impression_X5@20250326_X5_byRG_prelimV2,Mode 2 Normal RGB (35ch),5272,G,11,186
GLP Impression X5,GLP@impression_X5@20250326_X5_byRG_prelimV2,Mode 2 Normal RGB (35ch),5342,Dim,11,248
GLP Impression X5,GLP@impression_X5@20250326_X5_byRG_prelimV2,Mode 2 Normal RGB (35ch),5342,G,11,256
GLP Impression X5,GLP@impression_X5@20250326_X5_byRG_prelimV2,Mode 2 Normal RGB (35ch),5307,Dim,11,213
GLP Impression X5,GLP@impression_X5@20250326_X5_byRG_prelimV2,Mode 2 Normal RGB (35ch),5307,G,11,221
GLP Impression X5,GLP@impression_X5@20250326_X5_byRG_prelimV2,Mode 2 Normal RGB (35ch),9482,Dim,19,292
GLP Impression X5,GLP@impression_X5@20250326_X5_byRG_prelimV2,Mode 2 Normal RGB (35ch),9482,G,19,300
GLP Impression X5,GLP@impression_X5@20250326_X5_byRG_prelimV2,Mode 2 Normal RGB (35ch),9447,Dim,19,257
GLP Impression X5,GLP@impression_X5@20250326_X5_byRG_prelimV2,Mode 2 Normal RGB (35ch),9447,G,19,265
GLP Impression X5,GLP@impression_X5@20250326_X5_byRG_prelimV2,Mode 2 Normal RGB (35ch),8935,Dim,18,257
GLP Impression X5,GLP@impression_X5@20250326_X5_byRG_prelimV2,Mode 2 Normal RGB (35ch),8935,G,18,265
GLP Impression X5,GLP@impression_X5@20250326_X5_byRG_prelimV2,Mode 2 Normal RGB (35ch),8970,Dim,18,292
GLP Impression X5,GLP@impression_X5@20250326_X5_byRG_prelimV2,Mode 2 Normal RGB (35ch),8970,G,18,300
GLP Impression X5,GLP@impression_X5@20250326_X5_byRG_prelimV2,Mode 2 Normal RGB (35ch),9412,Dim,19,222
GLP Impression X5,GLP@impression_X5@20250326_X5_byRG_prelimV2,Mode 2 Normal RGB (35ch),9412,G,19,230
GLP Impression X5,GLP@impression_X5@20250326_X5_byRG_prelimV2,Mode 2 Normal RGB (35ch),9005,Dim,18,327
GLP Impression X5,GLP@impression_X5@20250326_X5_byRG_prelimV2,Mode 2 Normal RGB (35ch),9005,G,18,335
GLP Impression X5,GLP@impression_X5@20250326_X5_byRG_prelimV2,Mode 2 Normal RGB (35ch),8453,Dim,17,287
GLP Impression X5,GLP@impression_X5@20250326_X5_byRG_prelimV2,Mode 2 Normal RGB (35ch),8453,G,17,295
GLP Impression X5,GLP@impression_X5@20250326_X5_byRG_prelimV2,Mode 2 Normal RGB (35ch),7499,Dim,15,357
GLP Impression X5,GLP@impression_X5@20250326_X5_byRG_prelimV2,Mode 2 Normal RGB (35ch),7499,G,15,365
GLP Impression X5,GLP@impression_X5@20250326_X5_byRG_prelimV2,Mode 2 Normal RGB (35ch),8488,Dim,17,322
GLP Impression X5,GLP@impression_X5@20250326_X5_byRG_prelimV2,Mode 2 Normal RGB (35ch),8488,G,17,330
GLP Impression X5,GLP@impression_X5@20250326_X5_byRG_prelimV2,Mode 2 Normal RGB (35ch),8523,Dim,17,357
GLP Impression X5,GLP@impression_X5@20250326_X5_byRG_prelimV2,Mode 2 Normal RGB (35ch),8523,G,17,365
GLP Impression X5,GLP@impression_X5@20250326_X5_byRG_prelimV2,Mode 2 Normal RGB (35ch),7429,Dim,15,287
GLP Impression X5,GLP@impression_X5@20250326_X5_byRG_prelimV2,Mode 2 Normal RGB (35ch),7429,G,15,295
GLP Impression X5,GLP@impression_X5@20250326_X5_byRG_prelimV2,Mode 2 Normal RGB (35ch),7464,Dim,15,322
GLP Impression X5,GLP@impression_X5@20250326_X5_byRG_prelimV2,Mode 2 Normal RGB (35ch),7464,G,15,330
GLP Impression X5,GLP@impression_X5@20250326_X5_byRG_prelimV2,Mode 2 Normal RGB (35ch),9517,Dim,19,327
GLP Impression X5,GLP@impression_X5@20250326_X5_byRG_prelimV2,Mode 2 Normal RGB (35ch),9517,G,19,335
GLP Impression X5,GLP@impression_X5@20250326_X5_byRG_prelimV2,Mode 2 Normal RGB (35ch),8900,Dim,18,222
GLP Impression X5,GLP@impression_X5@20250326_X5_byRG_prelimV2,Mode 2 Normal RGB (35ch),8900,G,18,230
GLP Impression X5,GLP@impression_X5@20250326_X5_byRG_prelimV2,Mode 2 Normal RGB (35ch),8006,Dim,16,352
GLP Impression X5,GLP@impression_X5@20250326_X5_byRG_prelimV2,Mode 2 Normal RGB (35ch),8006,G,16,360
GLP Impression X5,GLP@impression_X5@20250326_X5_byRG_prelimV2,Mode 2 Normal RGB (35ch),8041,Dim,16,387
GLP Impression X5,GLP@impression_X5@20250326_X5_byRG_prelimV2,Mode 2 Normal RGB (35ch),8041,G,16,395
Ayrton Rivale Profile,Ayrton@Rivale_Profile@V1.53_Adjust_Real_PT_Values,Standard_540,7876,Dim,16,204
Ayrton Rivale Profile,Ayrton@Rivale_Profile@V1.53_Adjust_Real_PT_Values,Standard_540,7876,Focus1,16,208
Ayrton Rivale Profile,Ayrton@Rivale_Profile@V1.53_Adjust_Real_PT_Values,Standard_540,7876,G1,16,217
Ayrton Rivale Profile,Ayrton@Rivale_Profile@V1.53_Adjust_Real_PT_Values,Standard_540,7876,G1 <>,16,218
Ayrton Rivale Profile,Ayrton@Rivale_Profile@V1.53_Adjust_Real_PT_Values,Standard_540,7876,G2,16,220
Ayrton Rivale Profile,Ayrton@Rivale_Profile@V1.53_Adjust_Real_PT_Values,Standard_540,7876,Iris,16,222
Ayrton Rivale Profile,Ayrton@Rivale_Profile@V1.53_Adjust_Real_PT_Values,Standard_540,7941,Dim,16,269
Ayrton Rivale Profile,Ayrton@Rivale_Profile@V1.53_Adjust_Real_PT_Values,Standard_540,7941,Focus1,16,273
Ayrton Rivale Profile,Ayrton@Rivale_Profile@V1.53_Adjust_Real_PT_Values,Standard_540,7941,G1,16,282
Ayrton Rivale Profile,Ayrton@Rivale_Profile@V1.53_Adjust_Real_PT_Values,Standard_540,7941,G1 <>,16,283
Ayrton Rivale Profile,Ayrton@Rivale_Profile@V1.53_Adjust_Real_PT_Values,Standard_540,7941,G2,16,285
Ayrton Rivale Profile,Ayrton@Rivale_Profile@V1.53_Adjust_Real_PT_Values,Standard_540,7941,Iris,16,287
Ayrton Rivale Profile,Ayrton@Rivale_Profile@V1.53_Adjust_Real_PT_Values,Standard_540,7364,Dim,15,204
Ayrton Rivale Profile,Ayrton@Rivale_Profile@V1.53_Adjust_Real_PT_Values,Standard_540,7364,Focus1,15,208
Ayrton Rivale Profile,Ayrton@Rivale_Profile@V1.53_Adjust_Real_PT_Values,Standard_540,7364,G1,15,217
Ayrton Rivale Profile,Ayrton@Rivale_Profile@V1.53_Adjust_Real_PT_Values,Standard_540,7364,G1 <>,15,218
Ayrton Rivale Profile,Ayrton@Rivale_Profile@V1.53_Adjust_Real_PT_Values,Standard_540,7364,G2,15,220
Ayrton Rivale Profile,Ayrton@Rivale_Profile@V1.53_Adjust_Real_PT_Values,Standard_540,7364,Iris,15,222
Ayrton Rivale Profile,Ayrton@Rivale_Profile@V1.53_Adjust_Real_PT_Values,Standard_540,6275,Dim,13,139
Ayrton Rivale Profile,Ayrton@Rivale_Profile@V1.53_Adjust_Real_PT_Values,Standard_540,6275,Focus1,13,143
Ayrton Rivale Profile,Ayrton@Rivale_Profile@V1.53_Adjust_Real_PT_Values,Standard_540,6275,G1,13,152
Ayrton Rivale Profile,Ayrton@Rivale_Profile@V1.53_Adjust_Real_PT_Values,Standard_540,6275,G1 <>,13,153
Ayrton Rivale Profile,Ayrton@Rivale_Profile@V1.53_Adjust_Real_PT_Values,Standard_540,6275,G2,13,155
Ayrton Rivale Profile,Ayrton@Rivale_Profile@V1.53_Adjust_Real_PT_Values,Standard_540,6275,Iris,13,157
Ayrton Rivale Profile,Ayrton@Rivale_Profile@V1.53_Adjust_Real_PT_Values,Standard_540,9217,Dim,19,9
Ayrton Rivale Profile,Ayrton@Rivale_Profile@V1.53_Adjust_Real_PT_Values,Standard_540,9217,Focus1,19,13
Ayrton Rivale Profile,Ayrton@Rivale_Profile@V1.53_Adjust_Real_PT_Values,Standard_540,9217,G1,19,22
Ayrton Rivale Profile,Ayrton@Rivale_Profile@V1.53_Adjust_Real_PT_Values,Standard_540,9217,G1 <>,19,23
Ayrton Rivale Profile,Ayrton@Rivale_Profile@V1.53_Adjust_Real_PT_Values,Standard_540,9217,G2,19,25
Ayrton Rivale Profile,Ayrton@Rivale_Profile@V1.53_Adjust_Real_PT_Values,Standard_540,9217,Iris,19,27
Ayrton Rivale Profile,Ayrton@Rivale_Profile@V1.53_Adjust_Real_PT_Values,Standard_540,8835,Dim,18,139
Ayrton Rivale Profile,Ayrton@Rivale_Profile@V1.53_Adjust_Real_PT_Values,Standard_540,8835,Focus1,18,143
Ayrton Rivale Profile,Ayrton@Rivale_Profile@V1.53_Adjust_Real_PT_Values,Standard_540,8835,G1,18,152
Ayrton Rivale Profile,Ayrton@Rivale_Profile@V1.53_Adjust_Real_PT_Values,Standard_540,8835,G1 <>,18,153
Ayrton Rivale Profile,Ayrton@Rivale_Profile@V1.53_Adjust_Real_PT_Values,Standard_540,8835,G2,18,155
Ayrton Rivale Profile,Ayrton@Rivale_Profile@V1.53_Adjust_Real_PT_Values,Standard_540,8835,Iris,18,157
Ayrton Rivale Profile,Ayrton@Rivale_Profile@V1.53_Adjust_Real_PT_Values,Standard_540,9282,Dim,19,74
Ayrton Rivale Profile,Ayrton@Rivale_Profile@V1.53_Adjust_Real_PT_Values,Standard_540,9282,Focus1,19,78
Ayrton Rivale Profile,Ayrton@Rivale_Profile@V1.53_Adjust_Real_PT_Values,Standard_540,9282,G1,19,87
Ayrton Rivale Profile,Ayrton@Rivale_Profile@V1.53_Adjust_Real_PT_Values,Standard_540,9282,G1 <>,19,88
Ayrton Rivale Profile,Ayrton@Rivale_Profile@V1.53_Adjust_Real_PT_Values,Standard_540,9282,G2,19,90
Ayrton Rivale Profile,Ayrton@Rivale_Profile@V1.53_Adjust_Real_PT_Values,Standard_540,9282,Iris,19,92
Ayrton Rivale Profile,Ayrton@Rivale_Profile@V1.53_Adjust_Real_PT_Values,Standard_540,8770,Dim,18,74
Ayrton Rivale Profile,Ayrton@Rivale_Profile@V1.53_Adjust_Real_PT_Values,Standard_540,8770,Focus1,18,78
Ayrton Rivale Profile,Ayrton@Rivale_Profile@V1.53_Adjust_Real_PT_Values,Standard_540,8770,G1,18,87
Ayrton Rivale Profile,Ayrton@Rivale_Profile@V1.53_Adjust_Real_PT_Values,Standard_540,8770,G1 <>,18,88
Ayrton Rivale Profile,Ayrton@Rivale_Profile@V1.53_Adjust_Real_PT_Values,Standard_540,8770,G2,18,90
Ayrton Rivale Profile,Ayrton@Rivale_Profile@V1.53_Adjust_Real_PT_Values,Standard_540,8770,Iris,18,92
Ayrton Rivale Profile,Ayrton@Rivale_Profile@V1.53_Adjust_Real_PT_Values,Standard_540,9347,Dim,19,139
Ayrton Rivale Profile,Ayrton@Rivale_Profile@V1.53_Adjust_Real_PT_Values,Standard_540,9347,Focus1,19,143
Ayrton Rivale Profile,Ayrton@Rivale_Profile@V1.53_Adjust_Real_PT_Values,Standard_540,9347,G1,19,152
Ayrton Rivale Profile,Ayrton@Rivale_Profile@V1.53_Adjust_Real_PT_Values,Standard_540,9347,G1 <>,19,153
Ayrton Rivale Profile,Ayrton@Rivale_Profile@V1.53_Adjust_Real_PT_Values,Standard_540,9347,G2,19,155
Ayrton Rivale Profile,Ayrton@Rivale_Profile@V1.53_Adjust_Real_PT_Values,Standard_540,9347,Iris,19,157
Ayrton Rivale Profile,Ayrton@Rivale_Profile@V1.53_Adjust_Real_PT_Values,Standard_540,8705,Dim,18,9
Ayrton Rivale Profile,Ayrton@Rivale_Profile@V1.53_Adjust_Real_PT_Values,Standard_540,8705,Focus1,18,13
Ayrton Rivale Profile,Ayrton@Rivale_Profile@V1.53_Adjust_Real_PT_Values,Standard_540,8705,G1,18,22
Ayrton Rivale Profile,Ayrton@Rivale_Profile@V1.53_Adjust_Real_PT_Values,Standard_540,8705,G1 <>,18,23
Ayrton Rivale Profile,Ayrton@Rivale_Profile@V1.53_Adjust_Real_PT_Values,Standard_540,8705,G2,18,25
Ayrton Rivale Profile,Ayrton@Rivale_Profile@V1.53_Adjust_Real_PT_Values,Standard_540,8705,Iris,18,27
Ayrton Rivale Profile,Ayrton@Rivale_Profile@V1.53_Adjust_Real_PT_Values,Standard_540,8193,Dim,17,9
Ayrton Rivale Profile,Ayrton@Rivale_Profile@V1.53_Adjust_Real_PT_Values,Standard_540,8193,Focus1,17,13
Ayrton Rivale Profile,Ayrton@Rivale_Profile@V1.53_Adjust_Real_PT_Values,Standard_540,8193,G1,17,22
Ayrton Rivale Profile,Ayrton@Rivale_Profile@V1.53_Adjust_Real_PT_Values,Standard_540,8193,G1 <>,17,23
Ayrton Rivale Profile,Ayrton@Rivale_Profile@V1.53_Adjust_Real_PT_Values,Standard_540,8193,G2,17,25
Ayrton Rivale Profile,Ayrton@Rivale_Profile@V1.53_Adjust_Real_PT_Values,Standard_540,8193,Iris,17,27
Ayrton Rivale Profile,Ayrton@Rivale_Profile@V1.53_Adjust_Real_PT_Values,Standard_540,7234,Dim,15,74
Ayrton Rivale Profile,Ayrton@Rivale_Profile@V1.53_Adjust_Real_PT_Values,Standard_540,7234,Focus1,15,78
Ayrton Rivale Profile,Ayrton@Rivale_Profile@V1.53_Adjust_Real_PT_Values,Standard_540,7234,G1,15,87
Ayrton Rivale Profile,Ayrton@Rivale_Profile@V1.53_Adjust_Real_PT_Values,Standard_540,7234,G1 <>,15,88
Ayrton Rivale Profile,Ayrton@Rivale_Profile@V1.53_Adjust_Real_PT_Values,Standard_540,7234,G2,15,90
Ayrton Rivale Profile,Ayrton@Rivale_Profile@V1.53_Adjust_Real_PT_Values,Standard_540,7234,Iris,15,92
Ayrton Rivale Profile,Ayrton@Rivale_Profile@V1.53_Adjust_Real_PT_Values,Standard_540,8258,Dim,17,74
Ayrton Rivale Profile,Ayrton@Rivale_Profile@V1.53_Adjust_Real_PT_Values,Standard_540,8258,Focus1,17,78
Ayrton Rivale Profile,Ayrton@Rivale_Profile@V1.53_Adjust_Real_PT_Values,Standard_540,8258,G1,17,87
Ayrton Rivale Profile,Ayrton@Rivale_Profile@V1.53_Adjust_Real_PT_Values,Standard_540,8258,G1 <>,17,88
Ayrton Rivale Profile,Ayrton@Rivale_Profile@V1.53_Adjust_Real_PT_Values,Standard_540,8258,G2,17,90
Ayrton Rivale Profile,Ayrton@Rivale_Profile@V1.53_Adjust_Real_PT_Values,Standard_540,8258,Iris,17,92
Ayrton Rivale Profile,Ayrton@Rivale_Profile@V1.53_Adjust_Real_PT_Values,Standard_540,8323,Dim,17,139
Ayrton Rivale Profile,Ayrton@Rivale_Profile@V1.53_Adjust_Real_PT_Values,Standard_540,8323,Focus1,17,143
Ayrton Rivale Profile,Ayrton@Rivale_Profile@V1.53_Adjust_Real_PT_Values,Standard_540,8323,G1,17,152
Ayrton Rivale Profile,Ayrton@Rivale_Profile@V1.53_Adjust_Real_PT_Values,Standard_540,8323,G1 <>,17,153
Ayrton Rivale Profile,Ayrton@Rivale_Profile@V1.53_Adjust_Real_PT_Values,Standard_540,8323,G2,17,155
Ayrton Rivale Profile,Ayrton@Rivale_Profile@V1.53_Adjust_Real_PT_Values,Standard_540,8323,Iris,17,157
Ayrton Rivale Profile,Ayrton@Rivale_Profile@V1.53_Adjust_Real_PT_Values,Standard_540,7169,Dim,15,9
Ayrton Rivale Profile,Ayrton@Rivale_Profile@V1.53_Adjust_Real_PT_Values,Standard_540,7169,Focus1,15,13
Ayrton Rivale Profile,Ayrton@Rivale_Profile@V1.53_Adjust_Real_PT_Values,Standard_540,7169,G1,15,22
Ayrton Rivale Profile,Ayrton@Rivale_Profile@V1.53_Adjust_Real_PT_Values,Standard_540,7169,G1 <>,15,23
Ayrton Rivale Profile,Ayrton@Rivale_Profile@V1.53_Adjust_Real_PT_Values,Standard_540,7169,G2,15,25
Ayrton Rivale Profile,Ayrton@Rivale_Profile@V1.53_Adjust_Real_PT_Values,Standard_540,7169,Iris,15,27
Ayrton Rivale Profile,Ayrton@Rivale_Profile@V1.53_Adjust_Real_PT_Values,Standard_540,7681,Dim,16,9
Ayrton Rivale Profile,Ayrton@Rivale_Profile@V1.53_Adjust_Real_PT_Values,Standard_540,7681,Focus1,16,13
Ayrton Rivale Profile,Ayrton@Rivale_Profile@V1.53_Adjust_Real_PT_Values,Standard_540,7681,G1,16,22
Ayrton Rivale Profile,Ayrton@Rivale_Profile@V1.53_Adjust_Real_PT_Values,Standard_540,7681,G1 <>,16,23
Ayrton Rivale Profile,Ayrton@Rivale_Profile@V1.53_Adjust_Real_PT_Values,Standard_540,7681,G2,16,25
Ayrton Rivale Profile,Ayrton@Rivale_Profile@V1.53_Adjust_Real_PT_Values,Standard_540,7681,Iris,16,27
Robe Robin Forte FS,Robe_Lighting@Robin_Forte_FS@2024-11-13__RDM_personality_revision,Mode 1 - Standard 16 bit,14905,Dim,30,110
Robe Robin Forte FS,Robe_Lighting@Robin_Forte_FS@2024-11-13__RDM_personality_revision,Mode 1 - Standard 16 bit,14905,Focus1,30,98
Robe Robin Forte FS,Robe_Lighting@Robin_Forte_FS@2024-11-13__RDM_personality_revision,Mode 1 - Standard 16 bit,14905,G1,30,83
Robe Robin Forte FS,Robe_Lighting@Robin_Forte_FS@2024-11-13__RDM_personality_revision,Mode 1 - Standard 16 bit,14905,G1 <>,30,84
Robe Robin Forte FS,Robe_Lighting@Robin_Forte_FS@2024-11-13__RDM_personality_revision,Mode 1 - Standard 16 bit,14905,G2,30,86
Robe Robin Forte FS,Robe_Lighting@Robin_Forte_FS@2024-11-13__RDM_personality_revision,Mode 1 - Standard 16 bit,14905,G2 <>,30,87
Robe Robin Forte FS,Robe_Lighting@Robin_Forte_FS@2024-11-13__RDM_personality_revision,Mode 1 - Standard 16 bit,14905,Iris,30,94
Robe Robin Forte FS,Robe_Lighting@Robin_Forte_FS@2024-11-13__RDM_personality_revision,Mode 1 - Standard 16 bit,14961,Dim,30,166
Robe Robin Forte FS,Robe_Lighting@Robin_Forte_FS@2024-11-13__RDM_personality_revision,Mode 1 - Standard 16 bit,14961,Focus1,30,154
Robe Robin Forte FS,Robe_Lighting@Robin_Forte_FS@2024-11-13__RDM_personality_revision,Mode 1 - Standard 16 bit,14961,G1,30,139
Robe Robin Forte FS,Robe_Lighting@Robin_Forte_FS@2024-11-13__RDM_personality_revision,Mode 1 - Standard 16 bit,14961,G1 <>,30,140
Robe Robin Forte FS,Robe_Lighting@Robin_Forte_FS@2024-11-13__RDM_personality_revision,Mode 1 - Standard 16 bit,14961,G2,30,142
Robe Robin Forte FS,Robe_Lighting@Robin_Forte_FS@2024-11-13__RDM_personality_revision,Mode 1 - Standard 16 bit,14961,G2 <>,30,143
Robe Robin Forte FS,Robe_Lighting@Robin_Forte_FS@2024-11-13__RDM_personality_revision,Mode 1 - Standard 16 bit,14961,Iris,30,150
Robe Robin Forte FS,Robe_Lighting@Robin_Forte_FS@2024-11-13__RDM_personality_revision,Mode 1 - Standard 16 bit,14849,Dim,30,54
Robe Robin Forte FS,Robe_Lighting@Robin_Forte_FS@2024-11-13__RDM_personality_revision,Mode 1 - Standard 16 bit,14849,Focus1,30,42
Robe Robin Forte FS,Robe_Lighting@Robin_Forte_FS@2024-11-13__RDM_personality_revision,Mode 1 - Standard 16 bit,14849,G1,30,27
Robe Robin Forte FS,Robe_Lighting@Robin_Forte_FS@2024-11-13__RDM_personality_revision,Mode 1 - Standard 16 bit,14849,G1 <>,30,28
Robe Robin Forte FS,Robe_Lighting@Robin_Forte_FS@2024-11-13__RDM_personality_revision,Mode 1 - Standard 16 bit,14849,G2,30,30
Robe Robin Forte FS,Robe_Lighting@Robin_Forte_FS@2024-11-13__RDM_personality_revision,Mode 1 - Standard 16 bit,14849,G2 <>,30,31
Robe Robin Forte FS,Robe_Lighting@Robin_Forte_FS@2024-11-13__RDM_personality_revision,Mode 1 - Standard 16 bit,14849,Iris,30,38
Robe Robin Forte FS,Robe_Lighting@Robin_Forte_FS@2024-11-13__RDM_personality_revision,Mode 1 - Standard 16 bit,15017,Dim,30,222
Robe Robin Forte FS,Robe_Lighting@Robin_Forte_FS@2024-11-13__RDM_personality_revision,Mode 1 - Standard 16 bit,15017,Focus1,30,210
Robe Robin Forte FS,Robe_Lighting@Robin_Forte_FS@2024-11-13__RDM_personality_revision,Mode 1 - Standard 16 bit,15017,G1,30,195
Robe Robin Forte FS,Robe_Lighting@Robin_Forte_FS@2024-11-13__RDM_personality_revision,Mode 1 - Standard 16 bit,15017,G1 <>,30,196
Robe Robin Forte FS,Robe_Lighting@Robin_Forte_FS@2024-11-13__RDM_personality_revision,Mode 1 - Standard 16 bit,15017,G2,30,198
Robe Robin Forte FS,Robe_Lighting@Robin_Forte_FS@2024-11-13__RDM_personality_revision,Mode 1 - Standard 16 bit,15017,G2 <>,30,199
Robe Robin Forte FS,Robe_Lighting@Robin_Forte_FS@2024-11-13__RDM_personality_revision,Mode 1 - Standard 16 bit,15017,Iris,30,206
Robe Robin Forte FS,Robe_Lighting@Robin_Forte_FS@2024-11-13__RDM_personality_revision,Mode 1 - Standard 16 bit,15129,Dim,30,334
Robe Robin Forte FS,Robe_Lighting@Robin_Forte_FS@2024-11-13__RDM_personality_revision,Mode 1 - Standard 16 bit,15129,Focus1,30,322
Robe Robin Forte FS,Robe_Lighting@Robin_Forte_FS@2024-11-13__RDM_personality_revision,Mode 1 - Standard 16 bit,15129,G1,30,307
Robe Robin Forte FS,Robe_Lighting@Robin_Forte_FS@2024-11-13__RDM_personality_revision,Mode 1 - Standard 16 bit,15129,G1 <>,30,308
Robe Robin Forte FS,Robe_Lighting@Robin_Forte_FS@2024-11-13__RDM_personality_revision,Mode 1 - Standard 16 bit,15129,G2,30,310
Robe Robin Forte FS,Robe_Lighting@Robin_Forte_FS@2024-11-13__RDM_personality_revision,Mode 1 - Standard 16 bit,15129,G2 <>,30,311
Robe Robin Forte FS,Robe_Lighting@Robin_Forte_FS@2024-11-13__RDM_personality_revision,Mode 1 - Standard 16 bit,15129,Iris,30,318
Robe Robin Forte FS,Robe_Lighting@Robin_Forte_FS@2024-11-13__RDM_personality_revision,Mode 1 - Standard 16 bit,15073,Dim,30,278
Robe Robin Forte FS,Robe_Lighting@Robin_Forte_FS@2024-11-13__RDM_personality_revision,Mode 1 - Standard 16 bit,15073,Focus1,30,266
Robe Robin Forte FS,Robe_Lighting@Robin_Forte_FS@2024-11-13__RDM_personality_revision,Mode 1 - Standard 16 bit,15073,G1,30,251
Robe Robin Forte FS,Robe_Lighting@Robin_Forte_FS@2024-11-13__RDM_personality_revision,Mode 1 - Standard 16 bit,15073,G1 <>,30,252
Robe Robin Forte FS,Robe_Lighting@Robin_Forte_FS@2024-11-13__RDM_personality_revision,Mode 1 - Standard 16 bit,15073,G2,30,254
Robe Robin Forte FS,Robe_Lighting@Robin_Forte_FS@2024-11-13__RDM_personality_revision,Mode 1 - Standard 16 bit,15073,G2 <>,30,255
Robe Robin Forte FS,Robe_Lighting@Robin_Forte_FS@2024-11-13__RDM_personality_revision,Mode 1 - Standard 16 bit,15073,Iris,30,262
Robe Robin Esprite,Robe Lighting@Robin Esprite,Mode 3 - Standard 16 bit + green correction,6963,Dim,14,356
Robe Robin Esprite,Robe Lighting@Robin Esprite,Mode 3 - Standard 16 bit + green correction,6963,Focus1,14,344
Robe Robin Esprite,Robe Lighting@Robin Esprite,Mode 3 - Standard 16 bit + green correction,6963,G1,14,333
Robe Robin Esprite,Robe Lighting@Robin Esprite,Mode 3 - Standard 16 bit + green correction,6963,G2,14,334
Robe Robin Esprite,Robe Lighting@Robin Esprite,Mode 3 - Standard 16 bit + green correction,6963,G2 <>,14,335
Robe Robin Esprite,Robe Lighting@Robin Esprite,Mode 3 - Standard 16 bit + green correction,6963,Iris,14,340
Robe Robin Esprite,Robe Lighting@Robin Esprite,Mode 3 - Standard 16 bit + green correction,7013,Dim,14,406
Robe Robin Esprite,Robe Lighting@Robin Esprite,Mode 3 - Standard 16 bit + green correction,7013,Focus1,14,394
Robe Robin Esprite,Robe Lighting@Robin Esprite,Mode 3 - Standard 16 bit + green correction,7013,G1,14,383
Robe Robin Esprite,Robe Lighting@Robin Esprite,Mode 3 - Standard 16 bit + green correction,7013,G2,14,384
Robe Robin Esprite,Robe Lighting@Robin Esprite,Mode 3 - Standard 16 bit + green correction,7013,G2 <>,14,385
Robe Robin Esprite,Robe Lighting@Robin Esprite,Mode 3 - Standard 16 bit + green correction,7013,Iris,14,390
Robe Robin Esprite,Robe Lighting@Robin Esprite,Mode 3 - Standard 16 bit + green correction,6410,Dim,13,315
Robe Robin Esprite,Robe Lighting@Robin Esprite,Mode 3 - Standard 16 bit + green correction,6410,Focus1,13,303
Robe Robin Esprite,Robe Lighting@Robin Esprite,Mode 3 - Standard 16 bit + green correction,6410,G1,13,292
Robe Robin Esprite,Robe Lighting@Robin Esprite,Mode 3 - Standard 16 bit + green correction,6410,G2,13,293
Robe Robin Esprite,Robe Lighting@Robin Esprite,Mode 3 - Standard 16 bit + green correction,6410,G2 <>,13,294
Robe Robin Esprite,Robe Lighting@Robin Esprite,Mode 3 - Standard 16 bit + green correction,6410,Iris,13,299
Robe Robin Esprite,Robe Lighting@Robin Esprite,Mode 3 - Standard 16 bit + green correction,6460,Dim,13,365
Robe Robin Esprite,Robe Lighting@Robin Esprite,Mode 3 - Standard 16 bit + green correction,6460,Focus1,13,353
Robe Robin Esprite,Robe Lighting@Robin Esprite,Mode 3 - Standard 16 bit + green correction,6460,G1,13,342
Robe Robin Esprite,Robe Lighting@Robin Esprite,Mode 3 - Standard 16 bit + green correction,6460,G2,13,343
Robe Robin Esprite,Robe Lighting@Robin Esprite,Mode 3 - Standard 16 bit + green correction,6460,G2 <>,13,344
Robe Robin Esprite,Robe Lighting@Robin Esprite,Mode 3 - Standard 16 bit + green correction,6460,Iris,13,349
Robe Robin Esprite,Robe Lighting@Robin Esprite,Mode 3 - Standard 16 bit + green correction,5477,Dim,11,406
Robe Robin Esprite,Robe Lighting@Robin Esprite,Mode 3 - Standard 16 bit + green correction,5477,Focus1,11,394
Robe Robin Esprite,Robe Lighting@Robin Esprite,Mode 3 - Standard 16 bit + green correction,5477,G1,11,383
Robe Robin Esprite,Robe Lighting@Robin Esprite,Mode 3 - Standard 16 bit + green correction,5477,G2,11,384
Robe Robin Esprite,Robe Lighting@Robin Esprite,Mode 3 - Standard 16 bit + green correction,5477,G2 <>,11,385
Robe Robin Esprite,Robe Lighting@Robin Esprite,Mode 3 - Standard 16 bit + green correction,5477,Iris,11,390
Robe Robin Esprite,Robe Lighting@Robin Esprite,Mode 3 - Standard 16 bit + green correction,5427,Dim,11,356
Robe Robin Esprite,Robe Lighting@Robin Esprite,Mode 3 - Standard 16 bit + green correction,5427,Focus1,11,344
Robe Robin Esprite,Robe Lighting@Robin Esprite,Mode 3 - Standard 16 bit + green correction,5427,G1,11,333
Robe Robin Esprite,Robe Lighting@Robin Esprite,Mode 3 - Standard 16 bit + green correction,5427,G2,11,334
Robe Robin Esprite,Robe Lighting@Robin Esprite,Mode 3 - Standard 16 bit + green correction,5427,G2 <>,11,335
Robe Robin Esprite,Robe Lighting@Robin Esprite,Mode 3 - Standard 16 bit + green correction,5427,Iris,11,340
Robe Robin Esprite,Robe Lighting@Robin Esprite,Mode 3 - Standard 16 bit + green correction,5377,Dim,11,306
Robe Robin Esprite,Robe Lighting@Robin Esprite,Mode 3 - Standard 16 bit + green correction,5377,Focus1,11,294
Robe Robin Esprite,Robe Lighting@Robin Esprite,Mode 3 - Standard 16 bit + green correction,5377,G1,11,283
Robe Robin Esprite,Robe Lighting@Robin Esprite,Mode 3 - Standard 16 bit + green correction,5377,G2,11,284
Robe Robin Esprite,Robe Lighting@Robin Esprite,Mode 3 - Standard 16 bit + green correction,5377,G2 <>,11,285
Robe Robin Esprite,Robe Lighting@Robin Esprite,Mode 3 - Standard 16 bit + green correction,5377,Iris,11,290
Robe Robin Esprite,Robe Lighting@Robin Esprite,Mode 3 - Standard 16 bit + green correction,5883,Dim,12,300
Robe Robin Esprite,Robe Lighting@Robin Esprite,Mode 3 - Standard 16 bit + green correction,5883,Focus1,12,288
Robe Robin Esprite,Robe Lighting@Robin Esprite,Mode 3 - Standard 16 bit + green correction,5883,G1,12,277
Robe Robin Esprite,Robe Lighting@Robin Esprite,Mode 3 - Standard 16 bit + green correction,5883,G2,12,278
Robe Robin Esprite,Robe Lighting@Robin Esprite,Mode 3 - Standard 16 bit + green correction,5883,G2 <>,12,279
Robe Robin Esprite,Robe Lighting@Robin Esprite,Mode 3 - Standard 16 bit + green correction,5883,Iris,12,284
Robe Robin Esprite,Robe Lighting@Robin Esprite,Mode 3 - Standard 16 bit + green correction,5833,Dim,12,250
Robe Robin Esprite,Robe Lighting@Robin Esprite,Mode 3 - Standard 16 bit + green correction,5833,Focus1,12,238
Robe Robin Esprite,Robe Lighting@Robin Esprite,Mode 3 - Standard 16 bit + green correction,5833,G1,12,227
Robe Robin Esprite,Robe Lighting@Robin Esprite,Mode 3 - Standard 16 bit + green correction,5833,G2,12,228
Robe Robin Esprite,Robe Lighting@Robin Esprite,Mode 3 - Standard 16 bit + green correction,5833,G2 <>,12,229
Robe Robin Esprite,Robe Lighting@Robin Esprite,Mode 3 - Standard 16 bit + green correction,5833,Iris,12,234
Robe Robin Esprite,Robe Lighting@Robin Esprite,Mode 3 - Standard 16 bit + green correction,4332,Dim,9,285
Robe Robin Esprite,Robe Lighting@Robin Esprite,Mode 3 - Standard 16 bit + green correction,4332,Focus1,9,273
Robe Robin Esprite,Robe Lighting@Robin Esprite,Mode 3 - Standard 16 bit + green correction,4332,G1,9,262
Robe Robin Esprite,Robe Lighting@Robin Esprite,Mode 3 - Standard 16 bit + green correction,4332,G2,9,263
Robe Robin Esprite,Robe Lighting@Robin Esprite,Mode 3 - Standard 16 bit + green correction,4332,G2 <>,9,264
Robe Robin Esprite,Robe Lighting@Robin Esprite,Mode 3 - Standard 16 bit + green correction,4332,Iris,9,269
Robe Robin Esprite,Robe Lighting@Robin Esprite,Mode 3 - Standard 16 bit + green correction,3870,Dim,8,335
Robe Robin Esprite,Robe Lighting@Robin Esprite,Mode 3 - Standard 16 bit + green correction,3870,Focus1,8,323
Robe Robin Esprite,Robe Lighting@Robin Esprite,Mode 3 - Standard 16 bit + green correction,3870,G1,8,312
Robe Robin Esprite,Robe Lighting@Robin Esprite,Mode 3 - Standard 16 bit + green correction,3870,G2,8,313
Robe Robin Esprite,Robe Lighting@Robin Esprite,Mode 3 - Standard 16 bit + green correction,3870,G2 <>,8,314
Robe Robin Esprite,Robe Lighting@Robin Esprite,Mode 3 - Standard 16 bit + green correction,3870,Iris,8,319
Robe Robin Esprite,Robe Lighting@Robin Esprite,Mode 3 - Standard 16 bit + green correction,4382,Dim,9,335
Robe Robin Esprite,Robe Lighting@Robin Esprite,Mode 3 - Standard 16 bit + green correction,4382,Focus1,9,323
Robe Robin Esprite,Robe Lighting@Robin Esprite,Mode 3 - Standard 16 bit + green correction,4382,G1,9,312
Robe Robin Esprite,Robe Lighting@Robin Esprite,Mode 3 - Standard 16 bit + green correction,4382,G2,9,313
Robe Robin Esprite,Robe Lighting@Robin Esprite,Mode 3 - Standard 16 bit + green correction,4382,G2 <>,9,314
Robe Robin Esprite,Robe Lighting@Robin Esprite,Mode 3 - Standard 16 bit + green correction,4382,Iris,9,319
Robe Robin Esprite,Robe Lighting@Robin Esprite,Mode 3 - Standard 16 bit + green correction,4432,Dim,9,385
Robe Robin Esprite,Robe Lighting@Robin Esprite,Mode 3 - Standard 16 bit + green correction,4432,Focus1,9,373
Robe Robin Esprite,Robe Lighting@Robin Esprite,Mode 3 - Standard 16 bit + green correction,4432,G1,9,362
Robe Robin Esprite,Robe Lighting@Robin Esprite,Mode 3 - Standard 16 bit + green correction,4432,G2,9,363
Robe Robin Esprite,Robe Lighting@Robin Esprite,Mode 3 - Standard 16 bit + green correction,4432,G2 <>,9,364
Robe Robin Esprite,Robe Lighting@Robin Esprite,Mode 3 - Standard 16 bit + green correction,4432,Iris,9,369
Robe Robin Esprite,Robe Lighting@Robin Esprite,Mode 3 - Standard 16 bit + green correction,3820,Dim,8,285
Robe Robin Esprite,Robe Lighting@Robin Esprite,Mode 3 - Standard 16 bit + green correction,3820,Focus1,8,273
Robe Robin Esprite,Robe Lighting@Robin Esprite,Mode 3 - Standard 16 bit + green correction,3820,G1,8,262
Robe Robin Esprite,Robe Lighting@Robin Esprite,Mode 3 - Standard 16 bit + green correction,3820,G2,8,263
Robe Robin Esprite,Robe Lighting@Robin Esprite,Mode 3 - Standard 16 bit + green correction,3820,G2 <>,8,264
Robe Robin Esprite,Robe Lighting@Robin Esprite,Mode 3 - Standard 16 bit + green correction,3820,Iris,8,269
Robe Robin Esprite,Robe Lighting@Robin Esprite,Mode 3 - Standard 16 bit + green correction,6913,Dim,14,306
Robe Robin Esprite,Robe Lighting@Robin Esprite,Mode 3 - Standard 16 bit + green correction,6913,Focus1,14,294
Robe Robin Esprite,Robe Lighting@Robin Esprite,Mode 3 - Standard 16 bit + green correction,6913,G1,14,283
Robe Robin Esprite,Robe Lighting@Robin Esprite,Mode 3 - Standard 16 bit + green correction,6913,G2,14,284
Robe Robin Esprite,Robe Lighting@Robin Esprite,Mode 3 - Standard 16 bit + green correction,6913,G2 <>,14,285
Robe Robin Esprite,Robe Lighting@Robin Esprite,Mode 3 - Standard 16 bit + green correction,6913,Iris,14,290
